Clone,Line,Position,Region,Base mutation,Codon mutation,Amino acid mutation,Gene
WT-1,E7_1,6213,protein_coding,A:T->C:G,TTT->GTT,F->V,yaaA
WT-1,E6_1,6213,protein_coding,A:T->C:G,TTT->GTT,F->V,yaaA
WT-1,E12_1,113609,protein_coding,A:T->G:C,ACC->GCC,T->A,guaC
WT-1,E11_1,125045,protein_coding,G:C->A:T,CGT->TGT,R->C,aceE
WT-1,E24_1,212255,protein_coding,A:T->T:A,TAT->AAT,Y->N,yaeR
WT-1,E2_1,316414,protein_coding,G:C->C:G,GGC->GGG,-,insF-1
WT-1,E1_1,321807,protein_coding,A:T->G:C,GAG->GGG,E->G,ykgE
WT-1,E2_1,391778,protein_coding,G:C->C:G,GGC->GGG,-,insF-2
WT-1,E2_1,520598,protein_coding,G:C->A:T,CGC->CGT,-,ybbP
WT-1,E15_1,563209,protein_coding,G:C->A:T,GCT->ACT,A->T,sfmH
WT-1,E18_1,800437,protein_coding,G:C->A:T,GTT->ATT,V->I,ybhD
WT-1,E24_1,962473,protein_coding,A:T->T:A,GAT->GTT,D->V,rpsA
WT-1,E22_1,1032308,protein_coding,A:T->T:A,ATC->AAC,I->N,hyaA
WT-1,E21_1,1225422,protein_coding,A:T->G:C,TTA->TCA,L->S,minC
WT-1,E5_1,1551825,protein_coding,A:T->T:A,ATC->AAC,I->N,fdnI
WT-1,E18_1,1753041,protein_coding,G:C->A:T,GCT->ACT,A->T,ydhV
WT-1,E7_1,1930188,protein_coding,A:T->C:G,CAG->CCG,Q->P,yebF
WT-1,E6_1,1930188,protein_coding,A:T->C:G,CAG->CCG,Q->P,yebF
WT-1,E12_1,1973224,protein_coding,A:T->T:A,ATC->AAC,I->N,cheW
WT-1,E20_1,2017564,protein_coding,A:T->C:G,GAT->GAG,D->E,fliI
WT-1,E3_1,2039999,protein_coding,G:C->T:A,GCG->GCT,-,msrP
WT-1,E6_1,2207278,protein_coding,G:C->A:T,TGG->TGA,W->stop,yehM
WT-1,E21_1,2595127,protein_coding,G:C->A:T,GCG->ACG,A->T,tmcA
WT-1,E4_1,2693489,protein_coding,G:C->A:T,GCC->GCT,-,purL
WT-1,E22_1,2730615,rRNA,A:T->G:C,-,-,rrsG
WT-1,E10_1,2861768,protein_coding,G:C->T:A,ACC->ACA,-,ygbJ
WT-1,E3_1,3091656,protein_coding,G:C->A:T,GCC->ACC,A->T,rsmE
WT-1,E15_1,3191032,protein_coding,G:C->T:A,ACC->AAC,T->N,yqiI
WT-1,E12_1,3300195,protein_coding,G:C->A:T,CGT->CAT,R->H,yhbQ
WT-1,E22_1,3301738,protein_coding,G:C->A:T,GCG->GTG,A->V,yhbU
WT-1,E5_1,3381342,protein_coding,A:T->T:A,GAA->GAT,E->D,degQ
WT-1,E5_1,3413066,protein_coding,G:C->A:T,GGC->AGC,G->S,envR
WT-1,E5_1,3418505,protein_coding,G:C->A:T,TGT->TAT,C->Y,yhdV
WT-1,E25_1,3886314,protein_coding,A:T->C:G,AAA->AAC,K->N,yidC
WT-1,E10_1,3910672,protein_coding,A:T->T:A,ATC->AAC,I->N,pstS
WT-1,E16_1,3973270,protein_coding,A:T->G:C,AAT->AGT,N->S,rffG
WT-1,E25_1,4168904,rRNA,G:C->C:G,-,-,rrlB
WT-1,E5_1,4237365,protein_coding,G:C->A:T,GGC->AGC,G->S,yjbG
WT-1,E2_1,380040,intergenic,G:C->C:G,-,-,-
WT-1,E2_1,1298150,intergenic,A:T->C:G,-,-,-
WT-1,E5_1,2460604,intergenic,A:T->C:G,-,-,-
WT-1,E5_1,4171941,intergenic,G:C->T:A,-,-,-
WT-1,E5_1,4639564,intergenic,G:C->T:A,-,-,-
WT-1,E9_1,257908,intergenic,G:C->A:T,-,-,-
WT-1,E9_1,915217,intergenic,G:C->C:G,-,-,-
WT-1,E9_1,915220,intergenic,G:C->C:G,-,-,-
WT-1,E9_1,3321698,intergenic,A:T->C:G,-,-,-
WT-1,E23_1,3360640,intergenic,G:C->A:T,-,-,-
WT-1,E15_1,3741100,intergenic,G:C->A:T,-,-,-
WT-1,E25_1,1217127,intergenic,A:T->C:G,-,-,-
WT-1,E25_1,1224090,intergenic,A:T->G:C,-,-,-
WT-1,E25_1,2460604,intergenic,A:T->C:G,-,-,-
WT-1,E18_1,1792783,intergenic,A:T->C:G,-,-,-
WT-1,E7_1,4208083,intergenic,A:T->G:C,-,-,-
WT-1,E24_1,1217251,intergenic,G:C->C:G,-,-,-
WT-1,E24_1,3633381,intergenic,G:C->T:A,-,-,-
WT-1,E24_1,3941515,intergenic,G:C->A:T,-,-,-
WT-1,E1_1,3367672,intergenic,G:C->A:T,-,-,-
WT-1,E6_1,257908,intergenic,G:C->A:T,-,-,-
WT-1,E6_1,4208083,intergenic,A:T->G:C,-,-,-
WT-1,E20_1,2229186,intergenic,G:C->C:G,-,-,-
WT-2,C14_2,911,protein_coding,G:C->C:G,GCC->GGC,A->G,thrA
WT-2,C15_2,103641,protein_coding,G:C->T:A,CCG->ACG,P->T,ftsQ
WT-2,C3_2,113596,protein_coding,G:C->A:T,GCC->GCT,-,guaC
WT-2,C7_2,228767,rRNA,G:C->T:A,-,-,rrfH
WT-2,C19_2,236978,tRNA,A:T->C:G,-,-,aspV
WT-2,C23_2,319769,protein_coding,A:T->C:G,TTA->TGA,L->stop,rclA
WT-2,C25_2,338100,protein_coding,A:T->C:G,GAT->GAG,D->E,yahF
WT-2,C22_2,343784,protein_coding,G:C->A:T,CAG->TAG,Q->stop,yahK
WT-2,C19_2,440145,protein_coding,G:C->A:T,CTG->CTA,-,dxs
WT-2,C23_2,525327,protein_coding,G:C->A:T,CTC->CTT,-,rhsD
WT-2,C23_2,567965,protein_coding,G:C->C:G,GGC->GGG,-,insF-3
WT-2,C13_2,592734,protein_coding,G:C->A:T,GAC->AAC,D->N,nfrB
WT-2,C2_2,1036868,protein_coding,G:C->A:T,CTG->CTA,-,hyaF
WT-2,C4_2,1050434,protein_coding,G:C->A:T,CTG->CTA,-,insB-4
WT-2,C25_2,1185441,protein_coding,A:T->G:C,TCT->CCT,S->P,potA
WT-2,C14_2,1342667,protein_coding,A:T->C:G,TCC->GCC,S->A,yciH
WT-2,C25_2,1346868,protein_coding,A:T->G:C,AAA->GAA,K->E,ymiB
WT-2,C7_2,1384179,protein_coding,G:C->A:T,CGC->CGT,-,ycjX
WT-2,C14_2,1398409,protein_coding,A:T->T:A,ATC->TTC,I->F,uspE
WT-2,C13_2,1439262,protein_coding,G:C->A:T,GGC->GAC,G->D,ydbK
WT-2,C25_2,1505914,protein_coding,A:T->G:C,GTC->GCC,V->A,ydcO
WT-2,C15_2,1516101,protein_coding,A:T->G:C,GAA->GGA,E->G,patD
WT-2,C14_2,1668388,protein_coding,G:C->A:T,CTG->CTA,-,mlc
WT-2,C14_2,1684389,protein_coding,A:T->T:A,GTA->GAA,V->E,tus
WT-2,C8_2,1699776,protein_coding,A:T->T:A,ATC->AAC,I->N,malX
WT-2,C25_2,1870453,protein_coding,A:T->T:A,GAT->GAA,D->E,cdgI
WT-2,C24_2,1955542,protein_coding,A:T->C:G,GAA->GCA,E->A,torZ
WT-2,C25_2,2006819,protein_coding,A:T->C:G,TGG->GGG,W->G,amyA
WT-2,C25_2,2141828,protein_coding,G:C->T:A,GGC->TGC,G->C,dcd
WT-2,C21_2,2171359,protein_coding,G:C->C:G,GGC->GGG,-,insF-5
WT-2,C6_2,2379547,protein_coding,A:T->C:G,GAA->GCA,E->A,menF
WT-2,C7_2,2550167,protein_coding,A:T->G:C,ATC->GTC,I->V,yfeX
WT-2,C25_2,2740971,protein_coding,A:T->C:G,GGT->GGG,-,aroF
WT-2,C16_2,2928282,protein_coding,G:C->C:G,TGG->TGC,W->C,sdaC
WT-2,C14_2,2934618,protein_coding,A:T->C:G,GCA->GCC,-,fucP
WT-2,C8_2,3050245,protein_coding,G:C->A:T,GAC->GAT,-,gcvT
WT-2,C24_2,3245937,protein_coding,G:C->C:G,CTG->CTC,-,exuT
WT-2,C13_2,3252933,protein_coding,A:T->G:C,TTA->TCA,L->S,yhaI
WT-2,C4_2,3362509,protein_coding,G:C->A:T,GCT->GTT,A->V,yhcA
WT-2,C19_2,3380838,protein_coding,G:C->A:T,CAG->CAA,-,degQ
WT-2,C7_2,3946711,rRNA,G:C->T:A,-,-,rrfC
WT-2,C15_2,4035998,rRNA,A:T->G:C,-,-,rrsA
WT-2,C18_2,4345219,protein_coding,G:C->A:T,CTG->TTG,-,yjdF
WT-2,C12_2,4349722,protein_coding,A:T->C:G,ATC->CTC,I->L,dcuR
WT-2,C15_2,4502518,protein_coding,A:T->C:G,GAT->GCT,D->A,insG
WT-2,C7_2,228675,intergenic,G:C->C:G,-,-,-
WT-2,C7_2,3946620,intergenic,A:T->G:C,-,-,-
WT-2,C7_2,3946689,intergenic,G:C->A:T,-,-,-
WT-2,C23_2,257909,intergenic,G:C->A:T,-,-,-
WT-2,C18_2,1741395,intergenic,A:T->C:G,-,-,-
WT-2,C18_2,3672158,intergenic,A:T->C:G,-,-,-
WT-2,C25_2,1772361,intergenic,A:T->G:C,-,-,-
WT-2,C21_2,2699974,intergenic,G:C->C:G,-,-,-
WT-2,C3_2,3423251,intergenic,A:T->C:G,-,-,-
WT-2,C10_2,1778359,intergenic,G:C->C:G,-,-,-
WT-2,C10_2,4154874,intergenic,A:T->G:C,-,-,-
WT-2,C16_2,257908,intergenic,G:C->A:T,-,-,-
WT-2,C19_2,2407399,intergenic,G:C->T:A,-,-,-
WT-2,C19_2,4171941,intergenic,G:C->C:G,-,-,-
WT-2,C13_2,3334720,intergenic,G:C->A:T,-,-,-
WT-2,C6_2,2838249,intergenic,A:T->G:C,-,-,-
WT-2,C8_2,257908,intergenic,G:C->A:T,-,-,-
